31611,3,6,5,83,1,46,16
22921,1,2,1,67,1,19,1
10986,3,16,2,6,0,25,6
21422,5,5,4,47,4,37,13
15594,4,23,2,11,1,30,10
23000,1,1,2,73,1,27,5
54051,4,63,1,54,1,62,43
2134,0,4,3,2,1,29,5
14842,1,1,2,45,1,29,2
35064,3,33,7,66,1,43,19
20324,2,8,1,40,1,52,10
12656,1,0,1,38,1,20,1
29061,3,7,2,77,0,32,2
8165,3,8,20,30,1,59,28
14011,0,0,1,43,0,20,1
34440,6,2,1,90,0,26,2
26643,1,63,3,17,0,41,13
26653,5,0,1,72,3,53,0
22266,1,0,1,69,1,19,0
4287,0,0,2,16,5,20,1
21813,0,16,3,49,1,32,11
10319,6,1,2,15,3,25,2
72060,5,127,10,90,0,55,26
41807,0,27,4,99,2,42,21
19405,5,11,10,43,7,42,17
42849,2,67,6,64,5,48,15
5871,2,2,7,13,2,43,12
29513,0,1,6,74,3,50,31
33105,1,10,2,85,3,45,13
14212,0,7,2,26,3,40,16
5560,3,0,1,7,4,34,1
28439,4,2,6,82,1,46,15
20940,1,0,2,65,2,31,5
11977,0,0,2,38,1,45,2
26566,0,0,1,83,0,35,2
14550,0,20,2,16,2,32,12
1609,2,4,10,1,2,50,16
12521,3,5,3,27,2,29,6
13941,0,1,1,42,0,26,3
5772,3,0,3,12,2,31,3
24638,1,33,4,42,0,33,12
42929,2,52,15,83,0,63,43
10071,2,3,7,26,1,41,12
48271,1,136,5,6,3,38,20
47097,0,110,4,22,2,60,31
6860,1,8,18,30,5,58,24
20524,5,9,1,15,1,60,29
9718,0,1,6,19,0,45,24
24741,1,21,2,51,6,58,11
44964,2,69,2,60,2,49,20
28654,0,3,3,93,3,29,4
20580,3,0,9,60,2,50,22
16237,1,0,2,49,5,24,4
11312,0,0,1,39,6,20,0
11869,1,1,2,18,0,47,19
10134,4,2,1,6,4,38,13
16242,0,4,2,46,0,27,6
13869,1,30,3,6,4,34,10
34198,4,87,19,42,0,42,22
15127,2,2,1,35,1,25,5
32294,6,0,1,81,2,32,9
27708,6,0,2,44,2,50,30
15095,2,18,2,24,3,45,4
5427,1,0,1,15,1,19,0
23137,5,11,1,47,7,25,3
4596,2,0,1,8,1,19,0
2446,0,0,1,5,0,30,2
10462,1,33,6,2,1,32,10
15296,1,2,14,55,3,60,25
33474,2,5,1,96,1,38,6
33872,2,16,1,68,2,46,24
17663,1,2,1,51,1,35,1
20567,2,4,3,23,3,62,39
24781,1,0,1,77,1,21,0
24605,1,0,2,73,0,49,7
4808,0,3,13,13,0,58,30
683,0,5,10,1,2,54,18
20839,1,1,1,63,1,20,1
16946,3,0,8,49,4,60,14
21960,2,0,3,63,2,32,5
6610,1,3,2,10,2,47,7
27229,0,19,7,72,3,61,16
12265,0,0,1,36,0,62,2
27190,4,0,1,79,3,24,2
13077,0,0,1,42,3,23,1
19445,4,1,1,49,0,34,4
26826,0,1,1,82,1,31,1
4482,3,0,5,7,0,28,9
32082,2,9,2,91,1,59,2
4579,1,1,1,9,1,29,1
39708,2,30,1,87,0,29,5
33725,6,1,2,90,1,26,6
21373,0,17,8,60,1,41,12
38529,2,17,2,98,0,44,8
7809,1,4,2,13,3,29,7
67323,2,96,1,93,2,43,24
22379,4,2,3,51,4,37,10
14180,2,7,13,34,0,49,28
11581,3,9,2,18,3,45,3
26710,1,0,2,85,4,55,1
25619,2,4,2,72,2,30,3
25230,1,53,1,21,4,26,8
33126,0,13,2,65,2,62,36
20923,3,15,1,36,3,56,6
32841,3,0,6,76,1,56,33
21188,0,20,2,47,2,26,5
11165,2,0,1,30,1,19,0
30816,2,1,2,92,0,54,2
13346,4,0,2,23,0,49,12
12878,2,7,2,24,6,43,8
28114,4,0,3,78,0,39,5
3723,0,9,4,1,5,35,9
13877,0,2,1,39,6,33,4
48436,0,56,3,95,2,31,12
29972,4,5,1,84,0,44,2
26077,7,10,14,70,1,51,22
6187,0,0,1,19,4,34,0
5840,0,4,5,11,3,41,13
1343,6,0,23,20,2,52,23
33764,3,5,4,58,1,62,43
11498,0,0,15,51,4,57,21
15127,1,3,1,31,0,41,10
22500,4,0,2,59,0,36,3
1759,0,5,7,3,2,42,12
26545,6,1,3,67,4,48,4
21348,1,0,1,66,1,65,0
34556,4,8,1,89,0,36,5
5815,3,1,5,2,2,37,17
14811,1,6,1,32,5,30,5
27840,0,0,2,88,3,35,4
8687,1,0,1,23,3,22,1
10488,0,8,14,30,1,51,29
42607,0,45,16,97,0,60,40
16138,1,0,2,44,4,29,7
11744,1,0,6,41,0,40,7
24078,2,0,10,76,5,50,22
11478,6,3,12,24,1,62,19
7389,4,0,1,10,7,38,1
19026,1,2,1,50,5,56,7
19634,0,7,2,60,1,20,2
19068,4,0,1,48,5,19,0
42912,0,42,9,85,3,62,32
10044,6,9,3,1,2,31,11
17345,2,5,1,36,7,39,12
28933,5,0,1,78,0,44,2
30950,4,73,1,4,0,37,18
27704,0,2,7,97,1,56,10
18361,0,10,8,52,0,56,14
23416,7,2,9,49,0,54,28
10622,3,1,2,24,4,52,3
45247,0,71,2,71,0,53,17
18434,3,2,4,52,2,35,6
14580,0,6,2,36,1,29,9
18405,3,12,3,13,1,63,30
23607,1,4,1,68,0,20,1
45354,1,56,1,68,2,49,28
18410,0,3,10,69,0,33,12
29535,4,4,2,77,2,22,4
26366,2,13,3,59,0,29,11
6195,3,0,1,10,4,24,1
9844,0,8,8,33,3,54,9
1795,2,0,2,1,2,24,1
20113,0,67,26,26,1,62,41
28494,0,17,4,61,3,49,24
28243,1,0,1,90,2,23,4
29350,1,57,2,28,2,34,15
40889,3,16,1,88,5,56,23
70066,5,151,7,43,7,64,44
22752,1,2,3,64,1,64,8
32389,2,6,2,77,0,55,19
30045,1,2,6,94,0,34,15
37609,5,9,2,93,3,64,6
19152,2,16,17,57,4,52,26
24591,0,14,6,71,3,41,6
27517,0,2,4,88,1,47,9
45445,6,92,3,14,1,46,24
11916,0,0,2,32,0,37,9
17761,0,0,5,55,6,60,11
7965,2,1,2,20,4,25,1
21544,2,2,18,80,0,51,29
36532,0,34,11,96,0,62,22
7925,4,2,20,27,1,56,35
13820,1,4,2,25,4,47,15
16749,6,10,3,28,0,33,3
16955,1,1,5,52,0,59,6
26878,0,5,3,74,1,44,12
34965,0,76,13,39,2,54,31
27891,2,21,3,49,3,56,20
30003,1,3,3,94,4,29,6
41605,1,35,2,98,0,29,7
38939,0,29,2,94,2,40,14
23009,4,19,2,43,3,34,8
34073,2,7,2,64,0,58,33
14755,3,16,6,23,0,56,11
28535,2,2,2,85,1,25,1
19316,7,0,19,61,1,57,25
10542,1,3,1,24,1,24,3
4593,1,0,2,11,5,35,3
35207,0,2,2,93,1,60,22
16759,2,0,1,49,1,19,0
2780,0,0,1,7,1,36,1
14913,0,2,4,49,1,48,5
18164,2,2,2,44,2,47,11
9932,1,1,1,12,6,61,13
29042,1,10,6,83,3,44,17
18526,4,1,2,42,1,25,6
23119,2,1,3,38,5,55,37
19556,2,11,1,45,0,21,3
31398,4,0,3,78,5,57,17
62865,0,133,1,37,1,57,39
13903,1,7,2,37,2,21,3
28806,0,0,1,94,2,40,5
4348,2,2,10,18,2,43,11
44323,1,77,18,84,1,53,27
8495,0,0,1,23,7,24,5
27570,2,4,6,68,6,50,26
23136,2,4,2,60,1,33,5
6321,5,0,1,5,1,18,0
37020,5,16,5,89,7,63,13
46682,4,48,1,82,0,27,9
9888,6,8,7,6,1,37,16
5258,0,2,1,13,0,23,2
13258,0,1,2,25,0,56,20
32419,2,31,3,70,0,27,8
21864,2,4,12,77,3,45,17
11445,0,8,10,24,0,56,28
12920,3,18,2,2,0,61,13
30788,3,1,5,90,2,41,15
27680,3,0,1,86,1,23,1
25557,1,14,5,54,6,53,20
20955,3,2,1,48,2,58,11
22347,2,1,2,67,4,40,3
43847,7,98,9,34,5,59,18
14026,2,1,2,39,0,25,3
21018,1,5,2,56,4,36,4
18236,1,0,8,59,6,38,13
34121,0,10,2,86,2,41,21
33154,0,10,3,99,2,28,4
29625,0,0,8,98,4,56,13
24935,0,20,2,36,5,48,28
8870,0,0,1,26,4,53,0
2632,0,1,1,0,2,54,5
33380,6,2,1,82,2,42,10
29737,2,1,1,90,0,64,1
11056,1,5,2,27,0,39,4
97829,1,217,5,85,0,61,34
7753,0,0,1,3,2,55,21
22794,1,1,22,96,2,65,32
10018,2,13,2,13,1,22,3
5988,0,0,1,20,2,22,0
4746,0,6,3,12,2,23,3
9987,1,0,2,28,3,39,2
16781,0,25,3,25,0,40,10
16565,1,1,2,50,3,32,4
19911,4,0,3,51,3,54,5
6039,0,3,2,3,2,60,14
36090,1,13,7,87,1,51,29
23243,2,1,4,65,3,36,9
22422,0,3,1,69,7,37,3
13389,1,5,4,33,1,28,9
4443,0,0,3,11,0,36,7
24128,1,0,1,78,1,24,0
15076,1,1,1,42,3,20,2
12024,4,1,3,22,1,51,7
5889,1,11,5,10,3,36,5
8492,0,9,11,26,1,40,18
24556,1,7,2,46,0,63,30
34027,0,6,1,99,3,33,5
9369,4,0,7,24,0,40,10
40659,1,37,4,88,1,54,8
7053,5,1,2,7,3,30,3
24431,2,1,1,70,2,56,1
12087,3,1,1,30,4,30,1
37302,4,13,14,97,0,57,32
42486,2,46,5,69,0,61,32
14824,1,9,5,35,2,32,13
27417,2,13,6,68,6,43,15
23692,2,11,1,53,1,29,8
17982,5,4,6,47,1,45,6
30431,1,1,4,79,2,40,21
15268,1,8,4,25,1,62,22
13976,0,16,20,44,2,57,36
30117,2,0,3,91,5,30,11
29890,3,27,2,46,5,36,17
21597,5,28,1,9,0,40,20
47833,1,50,3,88,4,42,24
29109,3,2,3,77,2,37,10
4845,2,1,2,3,1,28,8
5487,3,0,1,6,1,40,2
6215,1,0,1,16,1,40,0
13010,1,6,2,31,0,37,3
24257,4,0,2,66,4,30,6
42045,3,52,2,48,5,49,30
34578,2,5,3,86,0,42,20
38038,6,3,1,96,2,22,3
26689,6,0,1,66,4,26,0
32329,0,6,5,90,2,49,20
10027,1,2,5,27,2,39,11
11540,0,0,1,34,4,20,2
7790,0,7,3,18,2,38,6
23039,0,0,4,76,3,62,6
31219,0,60,4,30,1,58,23
15071,1,11,3,10,1,54,29
10011,5,1,7,22,2,62,8
14774,6,1,1,19,3,50,7
25190,0,17,6,62,6,34,14
27968,5,6,6,79,1,48,9
25029,4,0,2,72,4,29,2
7944,1,6,3,10,1,46,11
14266,1,9,8,44,1,31,9
10193,0,2,5,8,0,58,32
18769,0,0,2,43,0,48,21
64658,3,116,4,75,2,62,22
13776,1,35,5,10,1,45,8
25968,2,3,1,74,3,20,1
32402,0,1,2,73,0,59,37
3213,0,3,2,5,1,24,4
25652,0,57,5,10,5,60,31
10789,0,1,20,53,2,55,32
4562,0,0,1,13,1,19,1
37176,2,9,1,95,3,59,15
24547,2,0,2,75,0,31,5
7099,6,0,1,5,4,20,1
26152,1,0,1,66,3,54,20
34712,2,1,1,97,4,31,5
21332,1,11,8,64,0,46,13
50088,1,108,3,37,4,41,19
28958,1,19,2,58,3,54,13
31955,1,14,2,75,0,57,13
5877,1,7,2,8,1,56,2
14380,2,3,5,38,0,59,11
28987,1,0,1,94,1,28,1
27160,3,0,6,89,7,28,9
33419,0,35,2,55,0,51,24
7644,0,1,2,25,5,35,2
18260,0,2,1,57,6,21,1
19839,1,0,3,54,1,35,14
10531,0,1,1,30,2,36,3
20611,2,2,3,61,0,56,6
26477,2,11,9,84,0,36,11
29195,1,0,1,91,4,19,1
15852,6,1,3,35,0,52,3
39554,2,42,12,82,3,53,30
30738,1,1,4,93,3,65,14
22012,3,27,12,49,1,45,14
22369,0,1,4,67,0,38,12
21649,0,5,2,55,4,59,11
24413,1,2,3,71,0,48,11
26910,1,0,1,84,0,26,2
27415,1,0,1,87,3,32,1
20245,0,0,1,69,1,18,0
17099,0,2,1,55,0,24,2
5242,0,3,1,12,0,46,1
10707,6,8,14,3,3,62,38
4864,0,2,6,2,0,47,23
11212,5,5,1,16,0,22,2
19243,4,0,2,43,1,50,7
52478,0,118,10,61,5,39,18
26137,1,7,5,67,2,55,16
27767,2,0,1,73,0,34,10
4576,6,0,15,7,2,46,26
8361,1,9,1,10,5,43,4
18921,1,1,3,61,1,29,5
14514,2,2,4,32,2,40,15
11104,2,1,3,32,3,21,3
7463,0,16,17,24,1,64,25
37663,7,0,1,98,2,23,0
21957,0,0,3,65,1,32,10
23232,1,0,1,71,4,30,0
6069,0,2,1,12,1,35,4
33846,0,57,6,26,1,62,41
34360,1,80,2,19,0,42,13
17367,6,0,6,39,2,51,10
33003,4,9,3,87,0,22,3
28117,1,0,4,87,1,43,8
11202,0,1,1,34,1,26,3
11736,2,2,19,38,3,59,38
70127,6,183,2,8,3,58,25
34325,0,19,3,95,3,23,5
18523,0,2,4,61,2,47,6
4047,0,6,14,23,2,55,17
28912,7,5,2,48,3,52,26
36585,2,52,23,96,5,62,29
40234,2,21,4,94,0,63,17
11782,6,1,2,16,3,28,7
8436,2,0,1,14,5,30,7
25735,0,0,1,80,1,29,3
29672,0,47,2,28,5,54,24
20194,4,0,2,55,0,52,4
6092,1,2,1,10,0,41,4
36203,2,16,9,95,3,60,25
32063,1,37,4,41,0,59,35
34242,4,1,1,98,0,57,1
7456,4,0,1,10,5,20,2
19965,4,3,3,38,5,44,14
26366,1,0,3,70,1,61,16
28998,0,32,5,52,3,42,19
10481,2,1,1,25,4,32,2
24784,0,1,1,80,4,23,2
12749,0,0,4,46,0,33,5
9254,1,0,2,26,0,61,2
8983,2,0,9,27,2,41,16
3968,2,0,1,3,2,41,2
9080,0,1,3,13,1,61,20
35439,0,51,10,71,3,51,24
23765,0,1,1,77,4,24,1
29566,0,1,1,79,2,56,14
21964,0,0,1,68,2,31,4
29999,0,2,2,92,0,23,5
23873,3,6,2,66,5,24,4
28921,0,0,3,96,0,51,5
17486,1,4,2,50,1,32,3
40175,0,74,1,34,1,59,22
28923,4,4,2,81,1,19,1
12190,1,0,7,20,2,49,30
50094,0,65,9,84,5,61,33
7669,1,0,2,24,1,33,1
22998,2,0,1,70,2,31,0
8232,1,0,1,23,2,23,0
32929,3,0,1,97,0,23,1
22843,1,5,5,52,0,41,23
7906,3,6,8,18,0,59,10
22156,2,3,3,53,3,38,13
29060,2,5,1,74,0,28,8
16689,8,0,2,26,1,53,7
16167,0,3,1,49,1,21,1
24940,0,2,2,57,1,58,23
38702,2,48,2,59,0,41,17
13627,1,0,2,44,0,20,2
9916,0,0,1,32,4,21,1
30464,5,11,3,41,5,55,35
35132,3,9,1,94,6,34,5
29655,4,40,5,41,1,52,10
64479,1,153,4,52,0,54,19
14151,0,17,3,30,1,31,4
30828,0,18,1,70,2,48,8
18034,2,1,1,48,2,53,3
1905,0,2,2,5,2,21,1
30098,4,3,3,84,0,39,4
7152,2,0,1,17,0,46,0
31744,1,18,1,71,0,52,10
2920,1,3,1,2,4,31,1
30718,1,1,1,94,1,43,6
23764,0,3,2,76,4,41,5
3698,0,0,1,11,0,25,0
23728,3,0,2,65,6,48,2
2664,1,1,9,10,0,46,14
24695,4,1,2,64,4,28,5
20391,1,7,18,75,3,55,26
15632,1,0,1,29,3,38,20
8463,4,0,7,14,0,53,16
8152,2,3,1,14,0,48,2
15088,2,4,11,40,1,47,26
5097,5,0,1,0,0,26,1
32366,2,3,2,99,0,22,4
47309,0,47,3,96,2,31,13
27148,1,4,6,77,1,62,19
10111,2,9,14,14,2,60,36
39196,4,15,1,96,3,60,11
27140,0,1,5,86,0,45,9
5118,0,5,2,10,1,44,3
6235,0,3,3,17,4,38,5
19008,2,3,1,49,3,25,2
30649,7,1,1,76,4,26,2
28960,5,0,2,73,4,28,8
71234,4,183,19,48,1,61,35
20547,2,3,4,50,3,63,17
4091,0,6,8,11,0,41,13
31503,1,2,2,96,0,40,4
30471,0,36,1,34,2,56,34
24511,0,0,1,83,2,28,1
7707,2,12,5,10,2,36,6
14070,0,0,1,45,1,19,1
20742,1,9,2,43,0,39,12
27423,5,15,2,61,2,63,4
20295,0,18,2,44,4,43,10
12456,2,22,3,6,0,30,10
32661,3,80,6,13,1,48,22
4139,1,13,7,7,0,33,6
28326,6,35,12,33,2,53,33
22001,2,0,1,63,0,22,1
13259,1,3,2,37,3,33,1
14601,5,0,4,28,1,41,14
10462,0,1,6,29,2,43,15
1318,0,0,3,2,0,65,5
23154,0,18,6,57,1,46,17
4200,2,1,2,1,1,61,6
21593,2,0,7,68,2,59,10
28736,2,10,3,77,0,54,9
31845,0,11,2,90,1,28,7
20671,3,0,4,59,0,38,7
8448,0,0,1,23,3,25,3
26446,1,1,16,97,1,58,27
38990,0,73,1,44,3,36,17
29365,5,13,4,62,4,54,9
33871,2,16,1,81,4,50,13
19236,3,2,1,44,3,31,7
3738,1,12,20,10,1,61,35
26638,0,14,1,70,2,37,4
40483,0,3,3,90,6,64,45
8196,3,10,6,5,4,47,14
71876,2,178,4,36,0,55,30
15498,1,2,2,37,2,31,11
30352,2,1,1,91,1,38,2
36175,4,22,5,82,0,40,19
14639,1,0,1,42,2,19,1
69742,0,124,1,78,0,63,36
1497,1,1,8,9,2,42,9
18836,1,5,9,47,2,47,27
27768,2,6,2,79,1,31,2
33547,3,4,3,79,1,61,22
11740,1,1,8,32,2,52,18
20335,2,32,4,27,4,32,7
21043,6,17,2,32,4,47,6
11289,5,2,6,28,1,58,5
24403,1,0,1,78,1,19,0
13043,0,0,1,35,1,28,7
11765,3,0,1,20,2,39,8
24259,2,20,3,31,1,59,25
28702,0,44,20,75,1,48,28
25231,3,45,20,43,7,58,35
14065,1,0,1,44,1,39,0
20349,1,26,4,32,4,44,12
6554,0,13,1,7,2,21,2
37682,2,22,4,93,1,31,7
48322,3,44,2,87,1,45,24
26945,0,1,2,81,0,33,7
12627,5,0,1,25,2,29,1
35585,2,9,3,97,6,37,12
16235,1,0,5,51,2,27,8
7573,0,0,1,25,1,22,0
17011,1,31,3,3,0,46,25
13267,0,0,2,41,0,27,5
27555,0,1,1,88,5,25,1
12606,4,12,2,9,4,41,10
36769,6,9,1,92,1,59,3
12335,0,3,2,38,4,25,4
13811,2,4,2,30,4,31,7
11875,0,26,5,10,1,39,13
16438,1,26,1,14,0,35,8
15978,0,36,2,7,5,37,10
31758,0,10,1,96,7,30,4
15838,5,0,1,34,1,20,1
10656,2,9,5,17,1,53,13
6137,0,1,1,15,7,40,3
37895,1,0,4,96,0,64,37
9208,1,1,1,22,1,30,3
35856,4,2,2,90,1,48,19
5969,1,0,1,17,4,22,0
8426,3,6,2,8,2,41,5
7995,2,0,1,16,0,61,2
22010,1,48,7,20,2,37,17
31738,0,12,2,92,3,35,8
21487,3,3,13,61,3,65,31
32015,2,97,11,8,1,56,18
10119,1,3,7,33,1,31,10
4090,1,0,1,10,2,19,0
14620,1,1,1,43,1,20,1
31812,4,29,4,66,7,31,6
21964,2,0,1,66,1,18,0
14108,5,2,11,40,6,36,14
10303,1,5,1,22,6,39,4
8871,0,2,7,25,2,52,15
31491,0,5,2,95,2,23,3
31342,1,31,1,53,0,32,13
33117,2,0,2,96,2,27,5
6309,6,0,1,3,1,20,0
9870,3,4,3,13,0,30,10
29990,2,0,1,91,1,21,2
11904,0,3,3,4,1,55,37
25873,4,1,1,72,3,31,1
23867,1,0,1,73,4,23,0
23038,1,7,2,66,3,31,5
25879,1,10,1,62,3,37,10
17800,4,0,9,44,1,59,25
34497,5,2,2,84,4,35,11
60541,1,162,22,56,0,61,38
26564,0,5,5,76,2,38,17
48082,1,81,16,94,0,45,27
5350,4,0,1,0,1,27,4
40743,4,47,23,93,5,57,34
31341,2,13,2,53,2,64,36
29063,0,2,13,86,1,56,37
21367,1,0,3,57,3,62,14
8254,2,13,2,6,4,25,4
17642,2,4,7,45,4,50,16
31868,1,6,5,97,0,52,9
16821,1,8,1,41,4,27,3
19204,0,0,2,56,1,35,11
33177,2,19,4,76,1,63,10
12047,1,1,1,30,0,49,5
9098,0,1,1,27,1,20,2
21010,0,1,2,69,0,31,4
35745,1,35,2,80,0,25,5
6422,0,7,1,12,3,27,2
15140,1,0,1,46,1,19,0
71494,1,123,1,65,3,65,44
6055,4,1,2,3,2,35,5
4766,2,0,2,5,0,45,5
28422,1,1,1,85,1,31,6
15881,5,0,2,34,1,43,5
30740,6,0,1,85,0,19,0
5692,0,0,2,19,3,47,1
25639,0,5,1,76,7,63,5
4111,1,0,1,10,2,19,0
26979,1,24,12,76,4,35,17
11043,1,6,1,16,0,31,12
19384,2,0,2,50,4,35,10
9471,0,3,3,23,1,29,10
18340,1,4,6,38,0,50,29
27419,2,5,1,80,1,33,3
74000,1,204,8,50,1,39,16
55524,1,71,3,94,0,57,14
36292,2,81,17,49,2,48,24
34555,2,21,1,83,0,21,3
9175,2,0,2,23,1,37,3
52731,0,77,13,89,1,55,31
20257,1,2,8,62,4,38,20
22447,6,6,5,38,2,40,22
38246,0,47,2,71,5,34,12
18946,0,1,2,49,2,45,15
7742,2,0,1,11,1,47,7
27468,4,11,1,60,1,29,9
31455,3,1,1,95,0,34,2
17845,0,0,2,55,3,36,7
40108,7,30,2,70,0,59,7
17023,2,1,2,50,1,20,2
20271,6,18,5,32,1,30,11
6141,1,1,3,16,1,23,5
24673,1,0,2,80,0,22,3
23433,2,0,1,59,0,58,9
12984,0,2,6,35,2,45,17
18286,3,0,1,44,6,57,8
8759,1,0,1,25,0,21,1
35670,1,29,2,83,0,47,4
14432,1,24,8,2,0,56,37
22989,4,1,1,55,1,45,8
25231,1,8,2,65,3,52,11
37621,2,23,4,72,1,59,28
23441,3,1,3,70,4,47,5
15004,3,0,3,41,4,25,3
32568,0,73,21,55,2,62,34
32638,5,0,1,88,0,21,2
16198,0,0,1,47,1,41,3
24755,2,3,3,67,4,64,10
5106,0,0,5,13,1,55,12
54432,0,74,2,93,1,49,24
40918,3,44,2,69,0,36,10
18205,5,8,28,80,5,53,29
18045,1,1,1,53,4,19,1
12757,0,3,3,38,5,52,4
4361,1,0,1,10,0,29,1
18035,0,8,13,57,1,60,26
11250,1,4,4,32,1,23,4
23967,0,0,1,76,2,34,0
26387,4,2,24,95,1,58,36
14484,7,0,2,11,6,37,16
22898,0,3,3,63,6,35,15
17561,0,0,7,25,2,64,44
42205,0,55,8,73,0,55,28
9953,6,10,2,0,1,55,6
22190,1,16,2,35,3,52,22
27352,3,4,5,77,1,36,10
17450,0,7,6,54,4,34,11
15197,0,28,4,25,0,61,5
37708,1,56,4,67,1,26,5
35916,6,0,2,95,3,38,9
2216,0,2,4,1,4,38,11
16216,0,3,1,48,0,23,4
31303,2,5,2,77,0,44,20
34573,0,19,4,88,1,29,10
3668,2,1,7,13,0,42,7
10502,1,18,19,29,2,65,30
22338,2,1,4,73,5,37,4
30179,1,2,1,90,1,28,6
12513,0,27,1,12,1,22,4
3271,0,1,2,10,3,20,2
31191,0,59,9,51,1,57,15
31054,1,1,1,99,0,29,2
34185,2,53,19,78,5,48,26
52753,1,128,3,7,4,64,32
17089,5,3,3,37,1,27,8
32385,5,0,6,93,2,26,8
16642,0,15,1,31,1,28,7
9044,1,6,12,24,3,48,24
11953,4,1,2,11,0,46,18
18530,1,26,10,40,0,61,17
168233,0,422,3,96,2,60,35
7709,1,0,2,18,0,26,6
2969,0,2,2,6,1,27,4
7812,3,0,1,17,4,19,0
17111,4,8,2,31,3,32,6
18902,3,0,2,51,5,30,5
11487,6,2,3,15,0,50,7
11242,0,3,1,30,3,24,3
21922,3,0,1,62,5,34,3
16929,1,16,4,27,4,55,18
17098,5,0,1,39,1,23,3
13298,0,22,2,9,1,50,14
20399,2,0,1,63,3,35,1
21238,2,0,2,58,3,24,6
18252,6,30,17,30,3,43,23
21477,0,4,11,55,6,63,39
31243,1,7,1,88,0,25,1
22395,1,0,1,67,2,26,2
18447,0,3,1,58,3,41,1
3516,0,1,2,6,1,46,5
33151,1,38,5,60,2,34,14
6274,0,5,2,2,0,36,16
32611,1,2,1,97,1,47,3
10734,1,6,21,47,0,61,29
16579,1,0,1,50,3,24,1
40713,1,94,14,33,2,64,40
19143,0,0,5,49,1,43,24
16473,2,2,1,40,0,31,4
24832,1,0,1,78,0,32,3
42195,2,0,5,97,2,60,39
29449,4,6,3,73,0,28,8
6889,0,1,2,19,1,28,4
57332,1,106,2,68,0,41,11
18937,1,0,1,58,3,18,0
19997,2,0,3,55,2,50,8
72855,5,173,7,49,2,38,20
9385,2,17,1,2,1,30,4
21234,1,16,4,35,0,58,23
6268,1,2,2,13,2,49,3
7041,1,0,1,18,3,25,2
24324,0,43,7,46,1,31,9
1516,1,0,1,0,0,51,0
15712,3,5,6,34,4,53,13
18809,1,1,2,55,1,27,4
21301,5,17,2,28,1,35,11
25898,0,9,2,79,0,24,4
9259,1,5,7,28,6,44,10
28664,0,36,4,32,2,58,30
14688,0,2,1,43,2,22,4
17217,0,1,1,50,5,63,1
17330,1,14,1,20,1,42,21
8851,1,1,1,20,5,27,6
40168,1,22,2,95,0,34,14
15361,1,1,12,60,2,43,16
34597,4,2,4,97,6,33,9
7555,1,2,1,13,0,42,5
9983,2,1,1,17,3,39,7
34595,4,0,2,85,2,60,13
21118,1,0,1,66,0,19,1
15185,1,0,2,43,2,35,6
1464,0,0,1,1,3,21,3
12692,1,5,4,37,3,24,5
22268,3,0,9,54,1,56,29
25528,1,4,4,72,1,40,14
60575,1,179,5,8,1,40,16
31823,4,26,11,65,1,51,24
35417,3,8,1,95,0,32,6
29223,2,0,1,89,1,18,0
22549,1,14,10,64,7,35,14
6714,1,3,9,20,5,54,15
15003,6,2,2,24,2,25,6
8985,0,3,7,34,0,26,8
10174,1,1,4,33,4,65,3
32090,0,27,17,95,0,52,30
33908,2,2,1,92,0,34,15
8485,0,6,4,21,3,41,7
15007,5,0,1,31,0,23,1
25358,1,3,4,70,1,54,14
14415,0,4,1,42,1,19,1
7603,3,1,4,15,0,54,5
29640,3,0,1,91,2,19,0
23131,4,25,2,34,0,30,11
6877,3,3,1,8,3,25,2
18669,0,1,7,61,1,44,12
30123,3,15,8,67,1,50,26
26761,1,3,3,83,3,29,8
1961,1,0,1,3,1,21,0
17682,2,4,1,32,3,50,15
17050,0,1,2,39,4,47,18
35395,1,2,2,97,4,51,13
54917,2,97,3,49,6,55,30
9209,2,8,3,15,1,30,5
27043,0,6,8,91,1,34,11
7953,3,1,1,8,1,55,5
23997,3,1,1,40,1,53,27
68624,0,148,4,78,3,59,18
45929,4,51,8,83,1,44,20
39650,0,69,3,58,0,60,11
7048,2,18,11,9,1,54,15
14996,1,1,1,33,2,55,10
34314,2,7,1,96,3,30,10
44275,0,87,6,44,2,45,26
22001,0,10,4,56,4,48,15
16048,2,8,2,35,1,29,5
35487,5,1,1,95,2,23,2
10460,2,1,6,30,2,30,11
29135,1,0,1,89,0,27,0
16077,1,26,5,28,1,26,7
12023,0,0,1,35,2,31,3
9323,1,2,1,20,7,32,6
29066,3,1,1,78,1,37,8
32311,1,75,5,18,0,57,16
54141,1,140,4,12,0,52,34
20859,0,0,2,73,0,23,1
17003,0,2,3,51,6,53,5
32940,2,14,7,92,0,48,12
25882,3,16,1,52,0,34,10
23256,3,11,6,56,2,32,11
3985,0,14,16,19,6,53,18
27677,1,15,3,56,0,57,17
32235,1,1,2,69,2,60,39
15211,1,16,4,31,2,50,6
3201,1,1,1,5,6,27,1
18989,1,7,1,40,0,29,11
31172,1,0,9,91,1,60,32
23366,5,2,7,64,6,36,13
33680,5,38,3,47,4,46,11
31697,1,54,1,9,1,59,37
21874,2,16,2,43,1,31,12
6521,1,4,1,12,1,23,1
40519,1,34,3,73,4,47,26
14136,2,0,1,40,1,25,1
27626,2,6,2,70,0,34,13
7206,0,3,2,13,1,47,9
3011,2,0,1,2,0,39,0
24872,2,7,1,65,5,30,3
24342,3,6,5,67,4,27,8
13092,3,3,1,22,1,29,7
34348,2,19,7,98,0,28,7
33634,1,18,2,81,0,38,15
32694,3,1,1,82,2,38,16
32276,6,0,1,90,6,19,0
43424,3,15,4,84,2,61,38
2459,0,1,1,2,4,57,3
1850,1,0,2,3,1,26,2
30463,3,1,1,76,2,64,13
18046,2,6,1,42,5,47,4
16628,4,17,11,38,1,39,15
27886,0,0,2,91,1,24,3
17623,6,0,4,32,1,64,16
21903,0,2,3,57,1,47,18
9821,3,6,1,15,1,26,1
4856,1,7,16,25,2,43,20
23965,3,2,7,52,0,60,31
13548,2,0,1,37,1,44,2
26695,0,1,3,82,5,31,11
20578,2,1,2,51,5,53,10
36301,3,0,2,87,3,43,22
12750,1,24,3,16,1,24,5
27449,3,0,4,81,6,64,7
18025,2,6,1,43,6,21,2
19026,0,2,2,50,4,31,10
26884,0,2,1,84,0,57,3
4772,1,0,4,9,2,34,10
19215,5,0,2,44,1,57,7
19897,0,17,17,51,3,58,36
32369,1,3,1,87,0,54,8
34735,6,2,4,84,2,58,20
13818,0,3,2,40,0,30,3
17423,2,4,3,30,6,45,24
42011,4,9,4,94,1,55,33
35753,2,44,4,60,1,58,11
8243,0,16,1,4,4,43,6
8925,0,2,1,19,0,27,8
9266,1,9,4,9,1,49,16
20653,3,5,4,56,0,27,8
31477,3,52,3,36,2,54,15
18783,1,1,1,56,4,20,1
16296,3,1,4,44,0,28,8
2383,1,0,1,4,0,23,0
26926,3,5,1,74,0,32,3
23224,0,2,2,47,2,62,27
24126,1,1,2,67,1,43,7
9522,2,2,7,18,0,46,19
47646,0,62,2,75,0,53,21
10159,1,3,8,37,1,29,8
11309,1,0,1,33,1,18,0
25958,1,9,2,52,4,47,24
33542,2,17,5,82,4,37,19
11279,2,0,2,16,3,39,17
37539,2,3,3,86,0,58,38
19968,3,43,16,27,1,55,23
8238,1,0,1,23,3,20,0
18862,3,1,1,47,3,35,5
33293,1,9,2,88,0,46,15
8497,1,7,5,19,1,45,8
12422,2,12,6,11,7,48,25
16290,3,0,1,46,1,24,0
28484,1,6,1,76,1,38,9
26256,2,14,4,60,4,50,11
25455,6,6,1,54,2,24,3
13048,0,2,1,38,1,22,2
12952,0,1,3,39,1,54,5
4683,1,0,4,9,5,48,10
13407,1,4,1,33,3,25,2
24431,3,1,3,64,0,30,8
22917,1,3,4,67,0,60,9
32529,0,66,2,28,4,41,12
21635,1,2,1,65,1,31,1
29959,2,5,2,86,2,53,3
11816,1,0,1,37,3,29,0
28787,0,19,11,61,2,59,40
9517,3,0,1,20,4,21,3
16692,2,5,2,18,1,53,25
30671,3,0,2,82,0,30,9
7282,0,0,1,23,2,25,0
24347,0,0,1,75,4,35,1
20399,6,2,1,43,4,41,3
35137,0,46,1,63,5,50,11
23044,0,0,3,74,1,24,5
22704,2,45,4,22,0,54,6
19198,2,23,3,30,0,32,9
31720,0,0,3,95,0,61,14
36449,1,3,8,94,3,53,33
15629,0,11,2,33,1,48,8
38245,0,102,3,6,0,46,18
20862,0,0,1,72,4,18,0
22638,2,1,1,47,5,42,17
7583,3,3,7,6,0,56,21
5326,0,0,2,11,0,59,6
38689,0,30,5,78,1,63,29
19404,0,4,2,58,4,28,7
28734,0,7,2,89,0,30,6
12311,1,2,2,8,2,60,28
23943,2,1,1,59,1,33,14
11904,2,0,5,35,4,46,8
25746,1,0,1,81,0,21,1
24249,1,0,1,75,0,21,3
15877,0,13,3,37,1,31,7
26645,1,12,9,78,0,47,17
9629,0,1,1,26,1,24,3
47333,4,29,5,94,2,64,36
20394,1,1,1,57,0,54,6
14347,1,0,4,40,3,33,10
21537,0,5,5,50,0,45,25
7911,5,2,2,2,0,28,9
15067,1,21,1,16,3,44,8
22200,2,0,1,64,4,20,0
18958,1,0,1,62,6,30,0
13870,3,8,6,35,2,28,8
6233,0,0,3,17,2,28,9
32682,4,32,9,56,2,58,30
7660,3,4,1,7,6,64,2
32748,2,1,2,96,3,51,2
20177,6,7,4,40,2,39,10
18028,3,2,1,48,5,21,2
18690,4,18,1,28,0,42,3
20552,3,0,2,60,1,26,4
27268,2,6,8,87,2,27,9
40274,7,9,2,83,1,51,21
38967,1,33,1,93,5,23,4
33601,4,0,1,93,6,33,1
27353,0,2,4,92,1,28,6
22501,1,16,2,30,3,52,25
12962,1,0,4,35,0,63,11
22637,0,6,1,62,1,35,9
22299,3,0,2,61,3,23,4
13602,2,1,15,41,0,58,30
12514,3,4,6,25,2,43,17
31330,1,2,2,92,2,39,5
9955,4,0,6,10,0,52,21
17676,0,4,1,51,0,27,1
16848,0,2,2,52,3,38,4
40210,3,46,1,63,4,37,15
23458,0,4,4,78,6,25,7
24356,4,22,1,19,0,54,26
33970,0,11,3,99,0,31,10
29962,1,0,2,96,3,21,2
9813,0,7,2,23,1,31,5
36455,1,42,4,58,0,41,23
30017,1,0,3,93,3,30,6
2909,1,1,2,6,2,23,2
37457,6,1,2,90,0,40,20
53415,0,105,15,76,4,63,40
22786,1,2,14,92,2,34,15
9039,0,1,3,22,2,55,9
15284,5,0,1,35,1,19,0
24001,2,29,13,57,1,46,17
26397,1,23,8,39,3,62,35
35611,0,13,1,89,1,35,11
17020,5,18,1,11,1,48,11
7567,1,2,1,12,1,30,7
25815,0,1,1,82,2,20,1
10781,0,4,5,30,1,40,10
24663,4,0,5,72,1,46,7
14580,5,34,12,3,6,41,23
20013,0,3,19,67,4,62,41
34739,5,3,2,65,2,65,33
17604,1,5,12,47,0,55,30
5887,0,71,42,13,4,64,42
29010,0,1,1,91,6,22,2
26203,4,9,4,67,2,32,8
41197,4,102,4,16,1,29,8
26207,2,0,1,75,4,33,6
125004,0,385,13,33,5,59,38
33276,3,12,4,77,1,38,15
35900,4,3,1,99,2,30,4
44901,0,118,11,6,0,64,46
28190,1,2,1,87,3,22,4
3073,2,0,4,8,1,28,3
39051,7,7,2,67,2,64,30
16753,3,2,1,45,3,20,1
23251,1,4,6,79,3,25,7
32223,4,12,2,76,1,64,4
29121,0,29,2,45,0,54,21
22463,1,58,3,3,4,33,15
13642,1,2,2,32,2,33,8
21271,2,16,2,33,1,42,16
20481,3,0,10,69,3,38,10
26944,0,0,1,81,5,45,8
3606,0,0,3,10,7,53,5
23808,1,5,2,72,0,35,3
4184,0,4,14,13,5,57,29
32071,3,8,2,92,0,37,3
660,0,2,14,10,3,43,23
22250,3,19,3,25,3,60,24
37702,1,33,3,80,6,30,8
28972,2,4,2,75,1,64,8
16334,0,0,1,40,0,33,13
28766,3,12,4,61,0,58,23
23408,2,7,4,66,1,30,6
32167,0,8,1,97,1,22,2
28919,1,24,4,73,1,23,5
25519,1,8,1,70,1,26,3
17626,4,1,2,43,0,61,4
11614,2,25,33,46,0,61,43
112229,0,271,1,77,0,57,30
17853,1,5,2,35,1,60,18
15479,2,0,9,52,0,35,14
23512,0,14,1,35,5,51,24
18074,0,9,2,48,5,39,6
27815,3,3,7,73,4,46,26
9794,4,10,3,11,1,30,5
1867,0,0,3,1,2,43,9
32821,3,0,2,76,5,45,26
2796,1,1,1,3,6,22,2
26092,1,0,3,80,2,64,4
14027,0,0,1,46,1,26,2
30140,1,8,3,84,0,30,10
7900,2,0,7,22,3,45,13
23555,2,24,2,39,2,52,10
48520,7,27,4,88,1,54,31
125614,0,311,2,86,1,58,31
22610,1,30,7,43,4,40,11
26617,2,0,1,81,0,60,1
16333,1,0,1,50,0,21,0
24055,2,14,20,83,4,65,25
32939,4,0,1,95,1,19,0
34045,4,3,1,90,3,52,3
19431,4,0,2,50,6,54,4
34131,0,16,2,80,0,40,17
5844,1,0,1,15,5,36,0
30747,4,0,1,85,5,56,0
40372,1,10,3,97,6,59,22
33038,3,1,1,97,0,39,1
3749,2,0,1,5,4,21,1
13201,1,2,4,40,0,28,6
13623,2,0,1,37,0,29,1
26767,2,14,8,63,5,43,19
24412,0,3,1,77,0,29,3
20184,1,0,2,60,6,59,3
22297,4,6,1,41,2,40,11
3480,2,6,17,20,1,49,20
17426,2,9,7,38,3,61,21
9866,3,4,4,17,4,45,10
13093,3,3,1,27,3,27,4
24848,0,1,1,78,3,26,4
21051,5,0,1,54,1,18,0
29245,0,0,1,98,3,29,0
16461,1,0,2,52,1,57,1
14721,2,4,1,36,1,43,1
4428,1,1,1,8,0,21,2
20097,0,49,2,17,3,37,5
14932,0,2,1,36,1,64,10
25275,5,0,1,71,1,41,0
28844,0,1,4,93,5,62,5
26302,0,1,1,87,5,21,3
19645,5,0,1,49,2,24,3
17197,3,0,4,12,4,60,41
1687,0,5,15,20,7,47,16
58818,5,95,5,75,0,48,28
14633,1,0,1,44,1,49,2
28073,2,2,1,76,1,41,8
6130,4,0,1,7,2,18,0
28162,1,2,1,89,5,29,3
50728,4,114,4,3,1,62,41
17466,1,2,2,54,1,27,3
22323,1,41,2,21,0,58,8
30609,6,1,1,82,3,25,2
7125,0,0,2,11,1,54,13
31221,1,15,2,83,0,32,9
11170,6,0,1,20,1,30,0
11376,0,0,1,36,2,19,0
14124,1,3,4,39,1,36,10
15499,2,16,2,2,0,56,28
28597,2,8,2,53,3,47,26
6279,1,2,1,14,1,21,2
31494,1,10,3,95,0,31,3
32606,0,1,7,96,2,46,23
27760,3,40,2,39,0,44,9
37799,1,3,2,86,1,62,30
7762,4,28,31,25,0,65,37
23377,2,0,1,72,3,19,1
17501,5,0,9,40,6,57,25
36268,2,28,3,75,5,41,12
31870,1,16,1,83,6,47,3
12533,3,0,4,19,5,44,18
22435,1,1,3,72,1,22,3
14471,1,19,2,13,1,52,13
23028,4,16,2,45,0,42,8
26949,1,18,15,77,2,55,26
56695,2,73,10,87,0,58,40
18637,7,0,1,33,1,33,4
10343,5,5,14,16,5,53,32
29641,1,0,3,93,1,41,5
18581,4,38,5,17,1,62,6
25438,6,0,1,69,5,36,0
16201,2,0,1,45,2,23,3
28555,7,14,4,50,2,47,14
7470,2,22,28,33,2,52,34
39149,6,17,1,94,0,25,6
16780,2,1,15,65,3,48,18
25259,1,1,1,75,6,32,4
9455,3,18,3,5,1,31,3
11399,0,2,3,34,1,53,6
15497,3,12,11,34,1,43,20
16952,1,0,11,53,2,57,26
24679,0,16,11,68,3,44,24
33572,2,37,9,57,2,53,33
27618,3,0,1,81,4,39,1
13255,1,0,2,36,1,36,5
16600,3,1,2,43,2,35,5
18179,2,34,2,11,2,42,13
33801,7,0,2,81,2,34,14
42193,1,37,1,86,6,27,7
7258,0,0,1,12,3,48,9
26441,0,10,2,52,4,48,26
29123,0,53,1,33,1,58,9
23029,3,0,1,59,0,33,4
34769,1,17,9,83,1,64,36
34162,3,0,1,80,0,57,26
22126,1,3,1,63,1,63,1
23302,5,1,1,54,4,42,7
30185,0,1,2,90,0,56,13
18913,0,25,3,23,6,39,16
33957,3,1,4,69,3,57,38
6343,2,0,1,11,2,62,2
13642,4,0,7,29,6,43,21
82034,1,163,3,93,1,55,30
11692,1,0,2,37,2,22,2
14440,1,2,2,37,1,49,9
24805,2,22,11,62,1,61,18
40008,1,3,3,95,0,58,33
26062,1,4,2,78,1,26,2
21943,2,18,2,50,6,34,4
32959,0,5,1,81,0,41,18
35147,1,56,9,49,4,58,31
7946,3,1,1,11,0,40,3
22068,4,3,4,60,2,46,6
44078,0,72,3,40,3,64,31
19802,3,23,6,30,2,59,16
2289,0,2,3,1,1,42,8
28240,4,17,1,55,1,31,9
7939,0,0,1,26,0,18,0
40334,2,4,1,89,2,55,35
15989,1,6,1,41,3,24,2
31664,2,14,3,56,3,62,29
32263,2,0,1,95,0,40,1
10410,2,0,2,27,4,34,2
10927,1,0,2,19,4,34,15
10860,7,0,5,3,1,40,22
3893,1,5,2,4,2,25,3
13168,0,3,9,18,4,59,40
22852,1,6,13,57,0,57,38
27002,0,1,1,86,3,26,1
27177,0,1,3,74,0,59,20
29524,1,6,2,85,1,33,6
28888,0,0,1,98,3,20,0
6241,2,1,1,10,0,62,1
32792,0,3,2,98,1,33,12
36114,4,45,1,60,2,30,6
31602,1,6,1,84,3,37,12
32491,4,15,4,86,1,55,5
20371,0,2,3,37,2,62,29
19046,1,21,6,40,2,35,13
23845,2,3,1,65,0,39,3
7769,1,1,1,21,2,21,1
9316,5,4,4,15,1,22,4
19455,1,4,3,16,3,61,43
18319,1,1,2,53,3,57,6
35911,2,7,2,97,0,38,14
16392,1,2,4,26,6,55,27
6729,2,0,1,14,0,21,1
31084,1,31,1,31,4,61,34
3951,1,5,1,1,1,50,2
23870,5,0,1,60,2,58,1
31578,0,0,2,96,4,65,13
1651,2,2,5,1,1,25,6
27234,0,2,7,76,5,54,23
16007,1,1,1,45,2,22,2
3617,0,0,3,7,1,44,8
15954,0,3,3,42,4,61,11
9511,2,22,7,3,3,64,13
16688,0,2,1,29,2,60,24
16477,1,2,5,45,0,36,16
18750,2,4,4,50,7,39,8
21749,4,9,9,50,6,48,23
22463,3,0,4,60,0,35,15
29900,4,69,8,8,1,63,29
24293,4,5,2,60,1,24,3
43445,1,51,1,44,2,64,43
9693,2,0,2,22,4,25,5
33829,1,41,2,66,4,32,6
26886,4,3,3,50,4,54,31
45362,1,105,1,17,5,58,23
5085,0,0,1,15,1,20,1
15091,0,15,3,35,3,28,5
39771,5,42,1,74,2,29,5
33410,0,18,1,89,2,36,8
27027,6,33,5,31,1,47,19
31981,0,10,1,77,0,39,19
17476,1,0,1,53,5,33,0
24091,4,2,8,67,0,53,12
25879,0,43,16,51,3,52,30
33161,4,7,2,88,4,61,4
31461,8,49,2,15,1,41,20
34847,3,4,3,91,4,38,14
19526,1,1,2,60,1,24,4
16650,4,1,10,50,5,45,17
13016,2,2,1,34,0,19,1
21055,2,0,3,62,1,56,3
10389,2,3,5,17,3,39,17
10101,2,44,27,18,0,51,32
11374,4,0,5,30,3,28,7
30642,1,6,3,83,2,47,18
12201,0,24,3,18,0,23,4
10531,3,1,1,22,1,26,1
8689,5,0,7,15,1,34,15
37176,1,29,2,87,3,35,4
12267,3,0,1,29,0,23,1
28523,0,2,9,95,2,38,16
20078,2,1,1,55,1,49,1
27221,3,1,1,76,1,25,4
15054,3,2,3,17,3,53,27
25003,2,3,5,69,3,56,16
25709,3,6,9,69,0,43,24
11843,3,1,1,28,2,27,1
14970,0,4,5,34,4,52,18
15413,2,14,3,11,6,49,23
27297,0,12,2,73,3,37,10
33933,2,11,2,88,2,40,13
28129,2,1,1,80,0,24,4
32169,4,78,3,6,4,46,20
10995,0,0,1,34,5,30,0
16912,1,0,2,54,1,22,2
11809,6,1,3,11,4,40,13
29063,1,0,1,88,0,21,1
27769,2,0,2,86,0,24,2
6885,0,11,3,10,1,27,6
27118,4,0,1,75,1,43,1
28432,3,25,13,73,2,45,18
34877,1,50,5,63,1,54,6
29730,3,0,1,88,1,31,1
10081,2,13,2,12,1,32,5
94756,0,222,6,74,0,58,34
16303,2,2,6,28,0,60,29
23213,1,11,2,56,5,44,5
20739,6,23,4,15,1,57,21
18067,0,8,2,53,2,35,2
16613,1,7,6,52,3,33,6
11551,2,1,2,27,1,61,3
23931,1,3,1,61,0,55,14
27377,2,2,4,82,3,61,10
7247,1,2,1,17,2,25,2
7471,1,0,1,14,4,48,6
36023,1,16,1,91,1,43,9
51901,0,107,7,48,4,52,28
22842,0,0,1,74,0,25,0
33164,1,25,5,83,3,39,14
27003,1,52,1,27,1,36,11
14073,0,14,7,28,6,43,18
17966,3,6,3,38,3,46,9
15253,2,18,2,9,6,41,20
39581,1,23,2,94,1,43,15
14672,1,1,1,44,0,22,2
13217,1,0,2,43,1,19,1
12525,0,3,21,59,5,54,30
8270,1,2,4,17,2,45,13
22730,3,7,3,46,1,54,18
15370,1,2,2,34,2,35,12
25590,3,1,1,67,0,42,8
32018,1,15,2,81,7,50,6
18862,1,18,3,21,1,61,22
31222,2,0,1,94,1,18,0
25485,0,40,18,65,0,53,24
24775,1,0,1,77,6,39,4
34376,1,2,3,92,2,63,15
30680,1,1,3,95,2,60,3
29748,5,68,9,26,0,39,13
13138,0,40,2,3,1,22,3
19647,2,67,17,13,0,39,21
56560,3,74,1,72,2,52,33
18475,2,3,1,44,0,64,8
16956,0,0,1,52,2,33,1
21254,4,1,1,50,3,50,9
25276,0,0,2,65,0,51,19
26782,4,7,7,75,0,37,10
55768,2,117,1,23,1,60,33
65182,3,154,4,43,3,60,20
15439,1,25,5,22,4,50,10
30849,4,4,1,75,1,48,11
29522,3,0,1,89,1,25,2
21956,1,23,3,44,1,27,6
19058,1,0,1,61,0,20,2
33467,0,75,4,8,0,56,36
25449,0,0,1,82,2,53,1
28801,1,0,5,89,1,62,15
25661,1,0,3,86,1,55,3
27366,4,1,11,86,3,51,13
23490,5,23,1,38,2,43,4
26343,3,25,2,46,5,39,7
52164,1,92,5,55,0,51,29
7763,3,2,5,18,7,25,7
5158,0,0,2,13,4,51,4
35111,1,11,3,91,0,51,18
36753,1,55,7,62,0,59,17
19718,0,21,4,26,5,49,25
31460,1,2,2,84,0,53,13
23441,2,1,1,54,4,52,18
22410,3,0,1,66,2,24,1
23980,0,30,4,45,0,60,10
35163,6,67,2,4,0,52,27
28614,2,14,1,68,0,22,4
7286,5,0,2,6,0,43,3
15699,0,4,5,39,2,60,20
25421,0,0,2,87,1,60,2
22504,0,3,2,65,2,44,6
34911,6,32,7,42,2,63,38
24011,2,16,2,48,2,34,10
9141,0,2,6,19,2,43,21
14879,1,0,13,52,3,49,27
32636,2,13,6,82,1,50,17
42555,6,125,34,37,6,64,46
12760,1,5,1,24,2,51,8
23948,2,0,2,70,6,55,3
24863,0,32,1,41,0,27,8
8461,0,0,1,28,1,18,0
25748,3,5,2,75,4,22,2
10844,6,0,1,16,0,21,0
21554,1,2,3,59,3,43,12
13028,0,4,6,42,1,45,10
4759,1,0,1,11,7,19,1
19715,2,0,1,59,1,45,0
49448,6,77,5,61,3,35,13
4048,2,0,1,7,2,23,0
16826,2,6,3,39,1,32,8
24134,0,5,2,80,3,22,1
11796,3,1,2,29,4,24,2
9868,6,0,6,17,4,30,11
9556,4,6,3,13,1,41,6
13740,2,1,11,32,4,54,30
7356,1,1,10,13,1,54,28
27240,4,1,8,67,1,51,25
51825,1,52,5,99,0,49,29
41913,1,35,10,95,0,59,31
48319,4,47,4,89,1,37,13
23301,2,2,2,69,1,21,3
30623,2,6,2,81,1,57,5
8734,4,1,1,2,0,33,12
38867,1,25,2,94,1,61,6
15032,0,1,2,45,0,34,8
14648,1,1,1,40,6,56,3
20487,0,3,1,38,1,55,26
12898,1,1,4,22,3,46,21
16959,5,6,1,35,0,22,1
5828,0,0,1,18,5,32,1
4792,3,0,5,8,0,29,9
29569,0,10,1,80,2,30,4
24777,4,0,1,71,2,38,1
49487,1,98,16,72,4,55,36
34437,3,15,14,98,7,62,26
24762,1,1,1,71,1,39,2
15528,0,27,2,14,0,34,14
19433,1,0,1,62,6,22,1
8398,1,3,2,21,3,29,4
12125,1,2,4,26,5,36,15
21211,5,6,6,58,1,42,6
22026,2,11,2,49,3,56,9
20228,0,0,2,63,1,34,6
11090,1,3,2,27,1,26,4
6437,1,3,1,12,4,21,3
27238,1,2,3,87,4,56,4
16373,0,0,3,57,1,21,2
15963,0,20,7,32,7,52,16
13476,3,13,3,22,4,58,2
20128,4,0,2,46,1,39,13
26120,0,1,2,82,0,43,2
14048,0,2,14,51,4,58,27
34813,4,4,5,95,0,52,10
24505,1,4,2,58,0,38,17
19471,4,1,2,48,0,53,5
22414,2,4,8,63,2,48,18
30988,1,12,6,85,1,50,13
13389,1,2,1,33,1,27,4
25341,0,5,5,69,4,49,17
23630,6,23,20,46,1,64,40
2428,1,0,1,3,0,22,1
4769,2,10,14,14,3,44,19
23227,3,0,1,66,1,48,2
28917,1,4,3,93,3,53,3
19812,0,9,3,50,1,39,11
15261,0,0,2,50,6,21,1
23556,1,1,1,75,1,46,1
31281,2,9,1,86,5,26,4
13513,4,2,1,28,1,21,3
28595,3,0,1,82,1,19,0
18904,2,0,5,52,1,38,12
42886,2,52,2,87,6,28,7
6271,0,1,4,18,1,48,7
17854,4,0,5,32,4,62,21
14575,3,0,2,42,8,22,1
11632,0,4,1,35,5,20,1
22852,0,3,4,62,3,46,14
31216,2,0,1,95,1,21,1
11793,1,2,1,31,4,23,2
21468,7,20,1,24,1,59,6
18422,1,0,1,41,0,43,16
16447,4,3,1,18,0,54,20
12450,0,16,2,18,1,42,8
31307,1,7,1,92,3,58,5
31596,3,40,1,37,0,42,19
5823,1,0,2,12,0,29,6
14971,2,1,4,35,1,51,14
17765,1,0,1,56,3,42,0
27127,0,1,1,83,1,29,4
19720,2,0,1,59,2,25,0
7778,1,5,3,14,2,30,9
7562,1,37,13,2,0,35,14
32115,2,1,1,94,3,24,5
25677,0,0,2,87,0,44,1
22544,2,0,1,72,3,18,0
18207,0,9,11,54,4,47,21
7266,1,0,1,19,1,21,2
31344,1,2,3,97,4,27,7
23625,2,17,1,48,0,32,6
10406,0,0,1,30,4,23,4
32561,1,36,2,56,1,62,9
25728,1,0,1,77,0,20,2
36706,0,23,5,87,2,56,23
14691,3,2,2,4,0,57,36
4943,0,0,5,8,3,45,17
9080,1,0,3,27,3,29,4
30915,3,0,1,97,5,24,0
30978,2,0,1,91,1,25,1
27517,2,10,2,68,1,64,7
7885,1,0,7,24,2,41,13
28665,0,0,1,97,6,19,1
27678,2,33,3,42,3,45,12
49600,3,61,4,81,1,40,20
18723,2,1,3,22,1,52,34
24933,0,0,1,83,2,21,0
2021,1,1,9,1,0,51,21
67147,2,238,27,7,2,57,31
27751,3,46,2,24,1,29,11
17862,1,1,4,56,3,25,6
18407,0,4,5,53,0,29,11
14492,1,15,11,31,2,54,23
17182,1,0,1,52,2,19,1
38431,5,16,1,92,1,33,5
27684,1,0,2,93,4,44,1
28332,1,6,1,84,3,21,2
30238,4,1,4,67,3,63,23
7283,4,2,1,8,2,21,2
56029,7,38,1,98,1,54,27
23203,1,5,7,65,5,49,19
36935,4,69,12,49,1,41,16
14114,1,26,1,8,3,56,10
13173,0,5,2,33,2,34,9
4129,0,0,4,16,2,29,5
6395,2,1,2,12,1,32,3
14366,0,0,1,38,3,47,9
22810,4,9,1,50,0,22,2
8301,0,6,1,14,1,25,6
15761,1,6,2,18,0,64,25
10794,2,1,4,24,0,34,10
31911,1,0,1,98,2,20,0
31327,2,67,8,30,0,58,16
35042,3,97,6,4,2,33,15
47891,2,39,2,89,1,47,25
17221,2,9,1,34,2,34,7
25940,3,2,6,75,1,59,15
15302,5,3,3,21,3,50,13
58427,1,122,1,55,6,41,13
23298,1,1,8,82,0,64,11
26830,0,1,1,82,3,23,2
20147,1,1,2,66,5,42,1
37160,1,31,3,83,4,63,10
31210,2,14,2,76,0,29,7
18818,6,9,2,18,1,53,16
7762,3,10,8,10,1,36,13
11720,1,1,1,33,5,21,1
13857,2,33,16,24,1,45,21
26436,2,15,2,65,0,52,6
28188,0,9,11,93,7,54,15
10136,2,6,2,15,4,56,8
5991,3,6,1,0,0,45,3
30480,3,0,1,89,1,21,0
33293,1,17,7,73,3,60,32
34968,2,22,3,65,0,56,31
15454,5,2,2,38,2,21,1
30903,7,6,3,62,0,57,20
33869,4,0,2,95,3,22,3
13576,6,0,14,28,0,61,30
32845,3,8,8,78,0,52,30
28973,6,1,4,82,1,42,4
25971,3,5,12,87,4,48,15
8224,2,0,1,22,1,18,0
2653,0,1,3,8,1,22,4
27573,0,28,7,68,3,54,14
28177,0,0,2,95,2,41,2
19310,1,3,4,57,0,38,6
19603,2,5,2,50,2,29,9
29494,5,1,1,75,1,36,5
15705,4,10,1,27,4,49,3
34814,3,8,4,94,4,39,16
12092,1,1,1,34,1,28,3
23790,3,4,1,64,6,24,1
9937,2,2,7,22,0,38,18
3251,2,6,5,4,0,26,5
32200,3,0,1,92,1,21,2
20823,0,19,1,49,1,24,3
26734,4,22,8,57,2,53,19
9633,1,2,2,17,2,31,11
47149,6,34,3,87,2,49,18
18096,2,0,2,46,1,31,7
20436,1,0,2,67,0,34,3
28498,1,4,2,87,2,55,6
29240,0,0,2,92,2,55,2
50379,4,82,1,63,5,63,11
37583,1,17,4,94,0,40,15
28806,0,2,1,90,0,34,1
21753,2,3,10,54,4,53,29
19365,1,0,1,61,2,24,0
23746,0,2,7,68,0,50,27
14136,4,10,2,22,3,54,4
10493,5,7,1,10,2,58,2
28743,0,1,1,94,2,34,2
34604,1,33,2,66,2,43,12
11135,2,2,1,25,7,33,4
17131,2,0,1,50,1,27,1
30147,0,4,9,88,1,64,27
8635,0,8,17,24,7,58,37
31326,2,15,6,85,1,37,13
59578,0,112,5,64,2,51,24
30765,4,18,1,64,0,30,9
19499,0,12,1,48,2,28,7
13643,4,3,3,30,3,24,5
17090,1,14,4,42,2,30,7
14389,0,40,15,26,1,41,18
30637,2,1,1,89,2,30,1
25160,1,10,3,59,6,58,19
22016,1,5,1,62,2,22,3
11371,6,2,2,18,0,33,1
6594,5,0,1,4,6,24,2
39880,1,41,2,72,2,50,21
22762,6,2,5,47,1,49,21
19851,5,1,1,47,1,30,2
7215,1,11,2,6,7,25,6
39380,3,47,3,70,3,40,13
26963,1,0,3,90,0,25,3
25496,2,0,1,81,1,19,0
30564,0,24,7,76,3,61,18
29950,0,8,2,87,3,28,3
34960,1,11,3,91,3,60,9
12719,0,3,3,40,1,28,4
29743,0,0,5,85,0,53,23
31590,4,0,1,87,4,21,2
29890,2,0,1,86,0,30,3
3878,5,7,15,7,1,41,20
14413,0,6,2,30,0,33,12
27506,1,0,2,77,0,32,12
21082,0,1,8,65,1,48,24
33351,3,31,9,81,1,30,11
23858,2,0,1,64,2,30,9
21064,1,20,2,29,1,53,18
15680,0,17,7,36,0,45,15
23829,5,41,4,3,1,53,29
7380,0,4,1,13,2,37,5
5826,3,2,18,26,4,49,26
8753,1,5,4,13,1,59,14
19506,7,11,2,26,0,61,5
19469,1,3,3,52,3,35,8
34206,4,11,1,87,4,20,1
30054,3,0,1,84,2,27,2
11639,5,0,1,23,3,23,0
18354,1,3,1,54,0,27,2
27389,0,45,3,35,0,56,16
8889,1,7,1,12,4,37,6
26346,1,0,1,82,1,23,0
11520,3,9,7,25,2,31,10
22490,1,1,2,67,4,63,4
4250,1,0,4,12,1,50,5
4862,0,0,2,16,2,32,1
38618,0,25,1,88,0,59,14
29945,1,0,1,89,2,50,1
22431,1,6,2,69,1,22,2
19297,5,1,11,64,3,30,11
29466,2,0,1,87,0,22,0
14110,1,4,3,27,0,45,15
14902,1,1,3,41,1,41,10
17860,6,2,1,33,1,29,8
17150,2,28,4,19,1,29,9
24582,3,3,1,67,2,54,3
6276,1,1,1,14,0,40,1
2399,0,10,6,3,6,38,7
42444,1,46,4,97,2,35,4
15073,1,14,8,42,1,55,10
103130,0,259,3,78,0,56,20
17502,3,0,6,47,2,44,13
4624,0,1,6,14,1,35,12
71791,0,143,3,61,4,48,30
26063,4,0,1,59,2,57,11
18571,5,2,1,43,3,22,1
28591,1,3,1,68,5,43,20
29301,0,0,1,95,3,52,1
23158,1,7,10,70,2,57,17
33276,1,39,1,52,6,64,11
20489,4,1,1,55,3,29,2
35847,4,61,4,34,4,46,20
15631,1,15,3,33,0,24,5
27666,1,72,4,8,0,64,14
31716,6,19,4,42,1,50,30
31317,0,11,7,95,2,40,12
13447,1,12,1,26,1,40,1
12113,2,0,1,33,3,36,1
61039,2,112,2,73,1,43,18
31270,3,39,11,70,2,30,11
8757,0,12,2,5,1,36,13
20850,0,11,1,22,1,57,37
23865,2,1,1,71,2,41,1
35942,0,65,1,34,0,56,16
17396,0,3,1,49,6,44,2
25038,6,0,1,63,1,22,2
32539,2,2,3,95,3,65,12
18373,6,2,2,23,4,47,21
29069,4,5,6,70,2,44,21
20569,1,3,1,62,1,43,1
29088,2,1,1,88,1,23,3
35382,5,0,1,96,2,48,0
46976,6,36,4,90,0,43,20
24447,5,25,2,32,4,43,14
8975,3,10,2,2,3,41,11
31188,4,2,3,92,2,25,5
37421,2,2,1,99,3,58,20
12907,0,2,2,40,2,62,2
32526,1,11,6,91,2,38,11
11277,3,0,1,23,4,35,3
20373,5,1,2,49,2,30,3
30494,0,0,2,95,4,34,10
23758,0,1,6,75,1,40,13
11219,2,4,5,30,5,41,8
6458,1,13,2,5,3,32,3
12517,0,0,1,40,2,35,0
29565,2,1,1,91,6,24,1
26386,2,0,1,84,7,20,0
11231,1,1,3,14,2,48,21
38872,2,29,2,77,0,38,16
12045,2,2,3,35,2,28,3
41744,1,109,12,25,7,65,23
9635,0,0,3,33,3,41,4
40273,1,36,2,85,0,46,9
22840,1,14,3,57,0,22,4
27916,4,8,2,65,2,57,10
10549,0,0,11,44,3,58,16
15934,2,3,11,50,2,52,17
23862,1,0,1,75,2,34,0
30721,4,0,2,83,2,48,6
20006,6,5,2,47,3,26,1
32328,2,2,2,91,3,38,5
29418,4,0,2,85,2,29,5
11430,0,1,4,30,3,46,14
27734,1,2,2,78,4,30,7
10374,5,0,1,19,1,19,1
29598,6,1,1,76,0,21,1
30388,1,38,3,28,1,60,37
16221,4,2,6,41,3,44,11
16689,0,0,1,51,2,57,0
32132,1,11,2,80,1,41,15
6916,0,6,2,16,0,20,2
4697,5,3,8,2,1,45,12
15418,0,2,1,43,2,27,4
35346,5,7,2,89,1,27,4
29153,0,4,3,76,2,59,22
16903,1,4,5,45,3,59,11
18518,3,2,2,36,2,45,18
31878,1,33,2,30,0,55,36
22821,7,8,12,63,1,52,15
23930,2,1,1,70,2,56,1
26447,2,2,2,51,1,52,27
46800,5,46,1,76,1,39,12
83609,3,248,13,28,0,54,30
34215,1,49,1,48,0,51,11
27972,2,2,2,81,2,37,5
31819,6,9,1,76,1,26,5
129314,2,276,1,98,3,51,30
30024,5,0,2,76,0,40,14
2633,1,0,1,2,1,60,1
29383,3,29,4,62,1,27,5
57636,1,162,3,18,6,54,15
16668,5,15,5,28,1,45,7
17494,1,17,2,29,6,49,9
21095,1,0,1,67,4,19,1
19316,0,0,1,60,0,28,1
19961,2,4,1,52,1,39,2
29393,0,15,5,89,3,62,6
9317,0,1,3,22,1,34,13
33366,3,14,4,87,3,42,7
14043,5,4,2,18,2,31,12
21292,1,1,2,51,0,42,14
28325,0,28,2,49,4,47,14
6200,3,0,1,7,0,42,2
8594,5,0,1,14,0,19,0
12952,1,3,2,24,1,40,14
9343,1,0,2,26,0,44,2
3968,3,2,22,30,2,46,26
21618,1,9,2,55,5,37,8
3879,2,0,1,6,1,21,0
46590,6,72,2,40,4,57,32
2865,0,0,2,11,1,19,1
9177,3,0,1,21,4,18,0
12078,0,11,10,23,3,60,26
29226,3,12,7,87,3,29,7
17671,0,0,2,56,2,35,3
13217,1,0,2,39,1,20,2
9089,5,6,12,5,0,51,32
7430,1,12,3,5,4,37,8
2508,0,2,2,1,3,26,7
18225,0,2,3,52,2,41,8
26611,0,11,3,66,4,36,17
13643,2,3,1,23,1,33,14
28277,3,3,13,81,0,56,27
25134,0,2,1,65,7,32,13
23230,6,1,6,68,6,36,6
31505,1,91,10,16,1,44,20
26623,1,43,6,24,1,56,33
11827,0,4,1,22,1,42,10
27744,1,0,2,93,7,25,3
6709,2,0,3,16,4,51,3
32923,3,2,1,57,3,65,38
19231,1,1,3,46,2,38,15
51315,2,138,2,1,0,44,19
69004,3,159,8,45,4,56,25
10207,2,15,3,11,0,25,6
9596,2,0,1,15,3,39,9
20430,3,26,23,49,1,62,42
15766,1,1,1,46,1,24,3
31828,4,1,2,93,0,45,4
10607,6,8,4,0,1,41,17
50966,4,49,1,99,1,47,15
14707,3,14,4,27,4,58,5
24508,2,1,1,67,2,25,3
15026,1,16,19,39,0,58,39
50213,1,63,3,73,2,60,38
20066,1,13,1,25,2,49,22
13372,4,3,5,5,1,65,32
22344,1,6,2,56,3,32,8
31366,5,12,2,42,1,56,34
27328,3,2,6,81,0,40,8
34503,5,0,1,96,3,19,0
28193,2,56,3,24,1,34,15
11248,1,2,3,11,1,48,23
28167,3,56,17,48,4,50,23
10057,1,7,4,11,3,45,20
28654,1,7,2,79,3,24,6
13155,1,0,9,47,1,35,16
36256,7,23,10,71,3,53,25
8145,2,6,5,6,4,41,19
25425,4,5,1,62,4,21,2
34158,3,50,13,54,0,63,27
25504,2,72,8,8,4,57,18
6108,1,9,3,5,5,40,7
29408,3,0,1,79,2,56,7
5789,1,1,2,13,0,30,3
34171,3,9,2,92,0,27,2
17010,1,9,1,41,1,24,1
24733,4,3,1,60,1,23,5
14813,2,3,2,35,2,34,5
7035,0,2,7,23,2,36,13
15916,0,0,1,53,2,22,1
26364,4,0,3,80,6,22,3
19041,0,13,3,31,3,48,21
12084,2,3,2,24,0,36,7
17522,2,0,3,45,1,36,10
5236,0,0,1,15,2,25,1
24509,2,6,5,66,1,42,10
13709,0,2,5,36,1,47,16
11368,1,1,2,27,4,34,10
26096,1,2,1,79,6,50,1
32979,2,10,3,91,6,32,4
41453,4,25,9,95,3,48,20
22585,0,0,4,77,4,28,7
39566,2,116,5,4,1,39,17
10436,1,9,2,16,1,29,9
20913,4,1,1,53,1,51,4
19374,0,0,1,62,6,52,0
33304,1,27,9,63,1,63,32
29232,0,1,5,98,5,59,5
33590,5,0,2,96,5,65,2
24365,1,1,6,76,1,38,13
19879,2,8,1,47,0,20,2
17464,3,1,29,82,1,64,40
15049,1,1,1,45,1,21,1
2407,1,0,10,16,0,35,12
20567,1,0,1,65,1,50,1
8228,2,4,2,13,6,54,4
8436,3,1,2,5,1,56,12
9108,0,1,2,22,0,49,7
6861,2,10,10,6,2,46,23
36615,0,6,1,75,0,57,38
24713,6,0,13,53,2,64,44
41649,0,43,3,77,1,62,22
20172,0,0,1,66,6,20,1
10207,0,1,1,33,0,21,1
12871,2,10,5,29,1,28,9
34778,0,9,1,88,1,42,13
13828,3,0,1,36,5,19,0
9352,2,0,1,16,2,38,7
30559,2,22,5,75,1,34,5
22970,0,1,5,78,1,40,8
11413,1,0,3,32,0,38,5
18569,1,4,1,48,3,36,7
24833,2,0,1,67,0,41,6
20866,2,1,7,63,1,48,11
28549,2,2,3,85,2,63,9
36641,3,0,3,86,1,56,35
35768,1,3,1,88,5,60,23
28831,0,1,3,57,0,57,38
8659,1,0,1,18,5,30,7
38132,1,40,5,80,0,49,18
18528,3,2,3,49,0,33,8
7019,2,13,14,21,2,48,16
32911,6,47,1,34,3,47,12
33903,2,33,19,87,0,55,32
12478,3,0,10,43,3,33,14
3903,1,0,1,8,1,45,0
10677,2,0,4,24,1,38,12
14900,2,1,7,42,2,38,15
17387,2,0,2,51,5,30,2
29660,1,0,7,99,1,52,7
28444,3,21,2,58,4,51,11
42432,1,50,5,82,1,38,19
19892,4,4,2,46,3,36,3
29663,0,16,1,69,0,43,11
17403,0,0,1,55,0,27,0
10713,1,14,3,15,2,45,9
26824,0,0,2,82,1,30,8
11562,1,0,2,20,1,40,17
13562,5,10,2,17,1,38,5
7133,0,1,1,21,4,21,1
11869,2,1,2,30,0,21,3
14835,1,12,6,33,0,44,15
16121,4,0,1,40,0,20,0
9836,0,0,1,31,0,42,0
10814,1,2,4,30,2,41,6
4840,4,0,2,3,1,26,3
16629,3,3,2,15,1,60,26
7864,3,10,17,17,3,50,32
18224,0,1,4,55,0,33,13
17140,1,27,22,59,1,54,24
30780,4,5,1,83,2,63,4
22453,1,0,1,68,3,20,2
31312,1,0,2,95,2,26,6
29030,7,1,1,63,0,41,10
33416,1,6,3,94,3,37,17
33963,2,2,1,99,4,22,4
10837,2,0,1,26,0,22,2
424,0,12,24,11,1,62,37
17024,0,0,1,55,1,22,1
34779,7,14,3,79,0,30,12
20882,1,0,2,61,1,48,4
13454,2,10,1,23,1,41,5
17407,1,0,1,50,3,32,3
31673,1,9,9,95,0,48,20
8121,1,11,6,1,3,50,22
13385,6,15,3,9,0,60,5
20082,0,1,2,59,0,27,7
20785,2,8,6,36,0,50,28
37252,1,32,14,99,1,58,23
1591,0,2,1,1,1,31,1
33655,2,1,2,87,1,40,21
24039,4,0,6,67,5,48,10
27850,0,33,2,51,0,40,6
18213,7,5,1,23,2,36,10
19944,1,32,5,33,4,43,8
31816,1,16,2,84,4,20,2
31769,1,4,1,89,1,28,7
17263,5,21,5,16,0,59,12
44952,2,21,6,97,2,63,40
29827,3,2,2,87,1,25,5
40849,6,8,5,98,3,52,26
32483,1,6,2,88,3,29,9
5223,0,4,1,12,1,32,1
30611,0,0,1,98,3,50,1
6716,3,5,1,4,1,23,4
39551,4,58,5,46,1,48,27
32108,1,54,5,49,3,34,12
28432,5,1,2,76,3,42,6
14554,4,4,1,26,4,55,3
18917,4,1,2,48,0,36,4
6929,1,12,1,6,0,22,2
30258,1,18,8,83,0,61,10
9141,0,6,6,26,2,35,9
23939,3,23,2,32,3,37,19
10696,1,0,1,29,3,28,2
36305,7,0,1,85,4,45,8
12824,1,16,1,19,0,44,2
4378,3,0,1,4,1,30,0
9273,1,11,2,4,2,63,12
40051,2,19,5,96,0,50,26
4878,1,0,1,13,1,19,0
11112,2,1,2,32,0,20,1
27970,0,0,3,85,1,35,10
28206,3,7,2,72,1,30,4
12327,0,2,5,39,4,58,8
26736,0,4,2,83,1,33,1
2407,1,0,3,2,2,30,7
28994,1,0,3,93,0,37,5
20263,1,3,5,63,2,43,5
29127,0,34,1,45,2,56,12
31683,7,10,2,77,0,47,2
11456,1,0,14,48,5,42,20
29519,0,0,1,95,3,19,0
16367,0,3,17,56,1,63,33
33566,0,19,2,78,0,54,14
30454,1,47,14,44,2,62,40
45234,1,64,15,77,1,64,42
8275,0,2,2,19,1,35,8
127725,4,313,11,93,0,52,28
24402,0,6,3,66,0,44,15
29550,2,14,4,54,0,63,28
15152,2,0,2,39,0,41,6
42265,1,11,2,98,3,56,29
14923,1,1,1,44,6,27,3
12375,1,0,1,31,2,57,4
18808,1,0,1,61,2,23,1
32346,0,0,3,89,1,43,20
14871,0,7,1,36,1,32,4
10908,1,11,1,19,1,21,2
25881,3,1,2,51,1,48,23
22129,3,19,17,68,3,49,21
26733,2,5,2,71,2,53,12
16057,5,2,2,5,0,49,30
29623,7,0,1,69,4,62,3
43001,1,35,2,83,1,58,22
29489,2,0,2,94,0,37,2
57033,3,84,8,92,5,57,30
34522,0,29,2,68,6,45,21
14224,4,17,2,12,7,47,9
18132,3,12,3,28,2,44,13
12082,2,20,13,24,0,51,19
32415,0,15,4,96,2,46,8
39820,0,63,3,58,2,34,14
38202,0,17,2,92,1,40,14
30378,2,7,1,87,1,27,4
34760,4,4,2,84,2,43,22
29987,1,30,1,38,0,64,24
2750,0,2,12,11,1,62,23
11942,3,0,1,27,2,29,2
9659,2,1,12,28,1,59,25
31664,0,12,2,93,2,58,6
29197,1,3,5,86,3,31,13
25780,1,89,18,9,0,58,31
5974,3,1,2,0,6,41,11
40020,4,6,8,96,1,58,39
22257,1,0,1,68,0,31,2
25861,3,9,2,69,1,23,2
22422,1,2,1,65,2,41,4
33190,2,61,9,38,0,44,26
26629,1,5,9,83,3,47,16
18181,3,46,4,0,0,42,10
18779,0,11,1,20,3,50,28
4779,0,0,1,15,4,20,1
34525,1,43,8,50,1,57,30
7664,5,1,1,8,1,20,1
13090,1,1,3,26,4,64,15
16629,0,0,4,58,6,31,3
29395,0,4,2,75,0,37,16
16828,3,0,8,40,2,50,26
31283,2,41,3,47,1,42,16
33318,6,23,2,61,2,26,7
17602,5,23,11,26,5,40,19
28743,2,1,1,88,1,39,1
37287,6,0,1,93,1,36,9
31308,1,12,2,82,6,40,7
8776,2,0,1,19,1,63,1
20913,3,0,1,60,1,29,0
16164,6,3,9,36,2,63,14
21308,2,4,2,49,5,42,13
14405,4,0,2,19,5,43,19
26440,7,18,5,44,0,56,12
41134,5,0,1,73,0,60,40
31219,5,2,2,91,1,44,2
6061,0,1,1,16,0,20,2
